[
{"title": "Mayhem \u2013 Liturgy Of Death (Century Media Records)", "content": "It took more than 6 years for black metal legends Mayhem to follow the excellent Daemon, yet, somehow, that time felt shorter because of the band\u2019s relentless touring schedule. The lineup has remained stable since 2012 and for a third consecutive studio Record now and the way these people form a collaborative musical entity, is [\u2026]"},
{"title": "Walk In Darkness \u2013 Gods Dont Take Calls", "content": "I\u2019ve said it before, and I\u2019ve no doubt I\u2019ll find myself asking this again \u2013 what is it about so many Italian bands? They seem to share an innate sense of the Operatic, to effortlessly lure you into a gothic/symphonic soundscape that entrances with a natural sense of atmosphere regardless of the actual instrumentation. In [\u2026]"},
{"title": "MYRATH ANNOUNCE NEW SINGLE AND UPCOMING Record", "content": "Tunisian\u2013French metal innovators Myrath release their new single Soul Of My Soul, a deeply emotional and intimate song about love, loss, and the bond that survives beyond time and absence. Rather than mourning what is gone, the band explores memory as something eternal \u2013 a presence that lingers in every breath, every silence, every corner [\u2026]"},
{"title": "ZEN ORCHESTRA \u2013 Zen Orchestra (Sound Stuff Records)", "content": "Basically, if you like that classic neo-prog sound, but not to the exclusion of all else, this will be an Record you can approach with confidence \u2026 It\u2019s just the right digestible length for a one-sitting listen, and never outstays its welcome \u2013 and yes, it is a fine and fitting memorial to Stewart Milner. [\u2026]"},
{"title": "Big Big Train about to release new Record \u201cWoodcut\u201d, final single out now", "content": "Big Big Train, the award-winning, progressive rock band, will issue their 16th\u00a0studio Record via InsideOutMusic on 6th\u00a0February 2026. \u2018Woodcut\u2019 is a landmark release for the group, whose line-up draws together members from England, Scotland, Italy, the USA, Sweden and Norway, in that it marks their first ever full-length conceptual piece \u2013 quite a statement given [\u2026]"},
{"title": "UK heavy rock/prog band Godsticks announce new Record \u2018VOiD\u2019 / Released 27th March (Kscope)", "content": "UK-based heavy proggers\u00a0Godsticks\u00a0have announced their long awaited seventh studio Record and the follow up to 2023\u2019s lauded\u00a0This Is What A Winner Looks Like.\u00a0The new Record, titled\u00a0VOiD, is Godsticks\u2019 darkest, heaviest, and most uncompromising Record to date. Both lyrically and musically,\u00a0VOiD\u00a0reflects a disillusionment with a world increasingly defined by division, ideological rigidity, and the loss of [\u2026]"},
{"title": "Camel \u2013 Earthrise: Live at the Marquee 1974 (Esoteric/Cherry Red)", "content": "Camel weren\u2019t just a pretty-sounding band\u2026 they had a rhythmic muscle that later prog bands often lacked. No word of a lie here, and with no exaggeration: I can\u2019t think of a single band from the world of 70s rock that I consider more underrated than Camel. An awfully bold way to lead off, I [\u2026]"},
{"title": "Megadeth \u2013 Megadeth (BLKIIBLK)", "content": "Four decades seem like eternity when we speak of thrash, which is one of the most demanding metal genres both technically and physically. When we talk about Megadeth, which has always composed at an extremely high performance level, then it\u2019s not surprising the legendary Dave Mustaine is calling it quits with a final self-titled Record [\u2026]"},
{"title": "The SKESH Collective \u2013 Make Noise Look Cool", "content": "Meet The SKESH Collective, an on-demand merchandise design service, community and storefront that helps unsigned artists get ahead and makes \u2018noise look cool\u2019.\u00a0 Introducing The SKESH Collective George and Alex, the founders of The SKESH Collective, have both been in bands and know how difficult and expensive it is to be unsigned and pay for [\u2026]\nThe post The SKESH Collective \u2013 Make Noise Look Cool appeared first on Right Chord Noise Blog."},
{"title": "T.R. Burge & The Temple \u2013 God Ache (Live)", "content": "T.R. Burge & The Temple \u2018God Ache\u2019 live is a Right Chord Noise exclusive. Watch it now and get your tickets to their forthcoming Salford show. God Ache \u2013 Live [RCM Exclusive] When a band is shaped as much by geography as by emotion, the Noise tends to carry a different weight. That\u2019s certainly true [\u2026]\nThe post T.R. Burge & The Temple \u2013 God Ache (Live) appeared first on Right Chord Noise Blog."},
{"title": "KIRZTEN Makes The \u2018Breakthrough\u2019", "content": "Drawing from a real-life experience, producer and singer-songwriter KIRZTEN introduces herself to the electronic Noise scene with the inspiring debut track Breakthrough. KIRZTEN \u2013 Breakthrough The song reflects a pivotal moment in her personal journey, capturing the emotional process of choosing a creative path and finding the courage to move forward without fear. Born in [\u2026]\nThe post KIRZTEN Makes The \u2018Breakthrough\u2019 appeared first on Right Chord Noise Blog."},
{"title": "Motor Vue \u2018New Stars\u2019 Rising", "content": "Motor Vue delights with their smashing new single \u2018New Stars\u2019. Motor Vue \u2013 New Stars Motor Vue are a band hailing from Portland, Oregon. They have over ten years of experience in each other\u2019s musical company. This comes to light on their single \u2018New Stars\u2019.\u00a0 The track opens with thumping drums and sliding electric guitar. [\u2026]\nThe post Motor Vue \u2018New Stars\u2019 Rising appeared first on Right Chord Noise Blog."},
{"title": "Crissi Cochrane Explores Resilience On \u2018Black Wasp\u2019", "content": "Opening the year with a stirring release, singer-songwriter Crissi Cochrane returns with Black Wasp, a track that reflects both her artistic maturity and her singular creative vision. Crissi Cochrane \u2013 Black Wasp Originally from the Acadian forests of Nova Scotia and now based in the Windsor\u2013Detroit area, Crissi Cochrane brings a wealth of experience to [\u2026]\nThe post Crissi Cochrane Explores Resilience On \u2018Black Wasp\u2019 appeared first on Right Chord Noise Blog."},
{"title": "Rexen And Mette Lindberg Join Forces On \u2018Hoik Up\u2019", "content": "Opening 2026 with a timely call for renewal and self-belief, Rexen returns with Hoik Up, a collaborative release featuring Mette Lindberg. The track arrives as a thoughtful invitation to step forward, shed hesitation, and embrace personal transformation. Rexen & Mette Lindberg \u2013 Hoik Up Throughout 2025, singer and composer Rexen steadily built momentum within the [\u2026]\nThe post Rexen And Mette Lindberg Join Forces On \u2018Hoik Up\u2019 appeared first on Right Chord Noise Blog."},
{"title": "The Mad Mile Explores The South Nightlife On \u2018Wendy Houses\u2019", "content": "The Mad Mile offers a first glimpse of their forthcoming debut Record with the release of \u201cWendy Houses.\u201d The track signals a considered step forward for the group, setting the tone for what is to come. The Mad Mile \u2013 Wendy Houses Formed in 2024 by Adam Pickering and Matthew Goodbody, The Mad Mile emerged [\u2026]\nThe post The Mad Mile Explores The South Nightlife On \u2018Wendy Houses\u2019 appeared first on Right Chord Noise Blog."},
{"title": "Tim Gambles Breaks The Toxicity On \u2018Gravedigger\u2019", "content": "Delivering a visceral alternative rock release that confronts the aftermath of a toxic relationship, alt-rock artist Tim Gambles returns with the explosive single Gravedigger. Tim Gambles \u2013 Gravedigger Tasmanian-born and now based in the North East of the UK, Tim Gambles is a rock artist and multi-instrumentalist whose work draws heavily on the contradictions of [\u2026]\nThe post Tim Gambles Breaks The Toxicity On \u2018Gravedigger\u2019 appeared first on Right Chord Noise Blog."}
]
