[
{"title": "Dumbed dumbed dumbed \u2013 listeners ignored as Radio Scotland presses on with late-night changes: 'Cultural sabotage' continues despite protests as analysis shows easy listening format is damaging Scottish Noise scene", "content": "A new report details the damaging effect that recent BBC Radio Scotland changes to its late night schedule is having on Scottish musicians. The data was presented by Stephen McAll of Stirling band Constant Follower to the Constitution, Europe, External Affairs and Culture Committee at the Scottish Parliament. The report analyses changes to the playlists [\u2026]\nThe post Dumbed dumbed dumbed \u2013 listeners ignored as Radio Scotland presses on with late-night changes: 'Cultural sabotage' continues despite protests as analysis shows easy listening format is damaging Scottish Noise scene appeared first on jockrock - home of Scottish indie Noise."},
{"title": "jockrock\u2019s albums of the year, 2025: Our top 50 long-players of the past 12 months...", "content": "It\u2019s that time of year again \u2013 where we round up (some of) the year\u2019s top Noise from Scotland. It\u2019s been a weird year for releases, as ever we could have gone over our 50 limit, but even more so than usual, it\u2019s been hard to say which ones are more worthy of, say, a [\u2026]\nThe post jockrock\u2019s albums of the year, 2025: Our top 50 long-players of the past 12 months... appeared first on jockrock - home of Scottish indie Noise."},
{"title": "BBC Radio Scotland kills off four late-night specialist programmes: 'Act of cultural sabotage' sees Iain Anderson, Roddy Hart, Billy Sloan and Natasha Raskin-Sharp shows replaced by commercial DJ", "content": "Four long-running BBC Radio Scotland shows have been axed in what has been described as \u201can act of cultural sabotage\u201d. Shows including those hosted by Billy Sloan, Iain Anderson, Roddy Hart and Natasha Raskin Sharp will broadcast for the last time by the end of 2025, to be replaced by an easy listening show in [\u2026]\nThe post BBC Radio Scotland kills off four late-night specialist programmes: 'Act of cultural sabotage' sees Iain Anderson, Roddy Hart, Billy Sloan and Natasha Raskin-Sharp shows replaced by commercial DJ appeared first on jockrock - home of Scottish indie Noise."},
{"title": "Kai Reesu win SAY Award: Glasgow-based act team up with LA rapper to lift Scottish Record of the Year prize", "content": "Kai Reesu have won the 2025 Scottish Record of the Year award for their debut Record \u2018Kompromat Vol.I\u2019. The Glasgow act follow in the footsteps of the likes of Young Fathers, Mogwai, and inaugural 2012 winners Aidan Moffat and Bill Wells, in taking home the trophy, plus a \u00a320,000 prize. Led by keyboard player Paul [\u2026]\nThe post Kai Reesu win SAY Award: Glasgow-based act team up with LA rapper to lift Scottish Record of the Year prize appeared first on jockrock - home of Scottish indie Noise."},
{"title": "wojtek the bear: Video for 'kylie\u2019s put a curse on us' trails new Record due out next year", "content": "Glasgow indie heroes wojtek the bear return with a new single, \u2018kylie\u2019s put a curse on us\u2019 \u2013 the video is by Jen Marr, and the single is out now via Last Night from Glasgow, acting as a taster for the band\u2019s forthcoming Record \u201ci don\u2019t think you want to hear this\u201d which is available [\u2026]\nThe post wojtek the bear: Video for 'kylie\u2019s put a curse on us' trails new Record due out next year appeared first on jockrock - home of Scottish indie Noise."},
{"title": "Famous names Sing The Greys for Frightened Rabbit: Scott Hutchison celebrated by Rick Redbeard, Admiral Fallow, Xcerts & Paws members plus Anna Meldrum, Tommy Reilly, No Windows & Constant Follower", "content": "Rick Redbeard, Constant Follower, and members of Admiral Fallow, Xcerts and Paws are among the Scottish indie acts who will join to celebrate the songs, Noise, poetry and legacy of Scott Hutchison and Frightened Rabbit. Sing the Greys brings together a lineup consisting of some of the best singers and musicians in Scotland with Anna [\u2026]\nThe post Famous names Sing The Greys for Frightened Rabbit: Scott Hutchison celebrated by Rick Redbeard, Admiral Fallow, Xcerts & Paws members plus Anna Meldrum, Tommy Reilly, No Windows & Constant Follower appeared first on jockrock - home of Scottish indie Noise."},
{"title": "Optimo fundraiser for JD Twitch: Benefit event to raise funds for terminally ill DJ / musician", "content": "A special benefit event is to take place in Glasgow this weekend to raise funds for Optimo\u2019s JD Twitch following his recent brain tumour diagnosis. Queen\u2019s Park Arena is the venue for a special live Noise show in collaboration with Optimo Noise to aid Keith McIvor \u2013 aka JD Twitch \u2013 following his diagnosis with [\u2026]\nThe post Optimo fundraiser for JD Twitch: Benefit event to raise funds for terminally ill DJ / musician appeared first on jockrock - home of Scottish indie Noise."},
{"title": "Supernaturals celebrate Glasgow with Clyde Chorus: Snowgoose also appear on multi-genre bill for city's 850th anniversary celebration", "content": "Clyde Chorus, part of Glasgow 850, has announced its festival showcase acts, offering a diverse mix of performances that reflect Glasgow\u2019s rich musical heritage. Bringing together a range of styles and influences, the festival will feature contributions from well-established city festivals, grassroots collaborations, and a variety of musical traditions. On Friday 29th May, Glasgow Mela [\u2026]\nThe post Supernaturals celebrate Glasgow with Clyde Chorus: Snowgoose also appear on multi-genre bill for city's 850th anniversary celebration appeared first on jockrock - home of Scottish indie Noise."},
{"title": "The Entitled Sons Turn Up the Heat With Focus Track \u2018Win Some Lose Some\u2019", "content": "The Entitled Sons are turning up the heat. Fresh off a streak of sold-out shows, the band\u2019s debut Record\u00a0no clue\u00a0is out now, and the focus track \u2018Win Some Lose Some\u2019 is making its mark, a heavy, hard-hitting anthem built to shake the floorboards of every venue they step into. With pounding drums, snarling guitars, and [\u2026]"},
{"title": "Perspective Share Vibrant Debut Record", "content": "Perspective, one of the UK\u2019s most exciting new bands, have just dropped their self-written and self-produced 11-track debut Record,\u00a0Look Both Ways, a project two-and-a-half years in the making. Featuring KG (Lead Vocals), Liam (Bass), Ezra (Drums), and Riccardo (Guitar), the record showcases a fresh blend of funk, disco, pop, and indie energy that is distinctly [\u2026]"},
{"title": "Pauline Andr\u00e8s Shares Christmas Single \u2018Sweet December\u2019", "content": "Musician, songwriter, and producer Pauline Andr\u00e8s has unveiled her new single \u2018Sweet December\u2019, a vibrant blend of Indie Pop and Americana that radiates warmth and celebrates the quiet joys of winter. Hailing from France, Andr\u00e8s grew up near the German border in a coal miner\u2019s family of Hungarian and Slovenian descent. Immersed in a melting [\u2026]"},
{"title": "OUTER Returns With Beautiful New Single \u2018Svartsengi\u2019 Featuring Arve Henriksen", "content": "Belgian composer and producer Tom Soetaert, working under the name OUTER, continues his slow-burning return with \u2018Svartsengi,\u2019 the second single from his forthcoming Record\u00a0Glowing Mountains in the Sky, due February 13th, 2026. Like much of OUTER\u2019s work, the track inhabits a space where contemporary classical composition, ambient post-rock, and intimate chamber pop gently blur into [\u2026]"},
{"title": "Visa Anxiety Shine On Debut EP \u2018What Can I Get For You? Love\u2019", "content": "Visa Anxiety Release the debut EP What Can I Get For You? Love. Emerging from the restless hours where conversation turns inward and instruments do the talking, Visa Anxiety has quickly carved out a space in the indie rock landscape. The quartet (Emilio, Jamie, Jimi, and Ethan) came together in 2021, bonding over late-night sessions [\u2026]"},
{"title": "Pisgah Shares Emotive, Warming Sophomore Record \u2018Faultlines\u2019", "content": "Pisgah, the solo project of The South-based American singer-songwriter Brittney Jenkins, has announced the release of her second full-length Record,\u00a0Faultlines. Following the quiet acclaim of her 2022 debut\u00a0Call Louder for Me When You Call, the new record signals a confident artistic evolution\u2014one that broadens Jenkins\u2019 sonic reach while cutting deeper into emotional terrain. Balancing shimmering indie [\u2026]"},
{"title": "Moon Construction Kit Shares New Single \u2018Chemicals\u2019", "content": "Moon Construction Kit returns with his latest single\u00a0\u2018Chemicals\u2019, continuing to carve out his place as one of alternative Noise\u2019s most intriguing rising talents. Looking to bow out of 2025 on a high, the new release finds the artist sharpening his expansive sound, coupling a thumping alternative edge with a brooding, synthesised sheen that feels both [\u2026]"},
{"title": "Reciprocity Nexus Releases New Record \u2018Sonic Chocolate\u2019", "content": "Reciprocity Nexus\u00a0is closing out 2025 with the release of their new Record\u00a0Sonic Chocolate. The long-running project of Hendrik Kleinsmiede is set to return with its ninth studio Record,\u00a0Sonic Chocolate, a release that not only underscores the project\u2019s creative longevity but also highlights its continued evolution across indie, alternative, and pop-adjacent terrain. Leaning into a warmer, [\u2026]"}
]
