[
{"title": "Mayhem \u2013 Liturgy Of Death (Century Media Records)", "content": "It took more than 6 years for black metal legends Mayhem to follow the excellent Daemon, yet, somehow, that time felt shorter because of the band\u2019s relentless touring schedule. The lineup has remained stable since 2012 and for a third consecutive studio Record now and the way these people form a collaborative musical entity, is [\u2026]"},
{"title": "Walk In Darkness \u2013 Gods Dont Take Calls", "content": "I\u2019ve said it before, and I\u2019ve no doubt I\u2019ll find myself asking this again \u2013 what is it about so many Italian bands? They seem to share an innate sense of the Operatic, to effortlessly lure you into a gothic/symphonic soundscape that entrances with a natural sense of atmosphere regardless of the actual instrumentation. In [\u2026]"},
{"title": "MYRATH ANNOUNCE NEW SINGLE AND UPCOMING Record", "content": "Tunisian\u2013French metal innovators Myrath release their new single Soul Of My Soul, a deeply emotional and intimate song about love, loss, and the bond that survives beyond time and absence. Rather than mourning what is gone, the band explores memory as something eternal \u2013 a presence that lingers in every breath, every silence, every corner [\u2026]"},
{"title": "ZEN ORCHESTRA \u2013 Zen Orchestra (Sound Stuff Records)", "content": "Basically, if you like that classic neo-prog sound, but not to the exclusion of all else, this will be an Record you can approach with confidence \u2026 It\u2019s just the right digestible length for a one-sitting listen, and never outstays its welcome \u2013 and yes, it is a fine and fitting memorial to Stewart Milner. [\u2026]"},
{"title": "Big Big Train about to release new Record \u201cWoodcut\u201d, final single out now", "content": "Big Big Train, the award-winning, progressive rock band, will issue their 16th\u00a0studio Record via InsideOutMusic on 6th\u00a0February 2026. \u2018Woodcut\u2019 is a landmark release for the group, whose line-up draws together members from England, Scotland, Italy, the USA, Sweden and Norway, in that it marks their first ever full-length conceptual piece \u2013 quite a statement given [\u2026]"},
{"title": "UK heavy rock/prog band Godsticks announce new Record \u2018VOiD\u2019 / Released 27th March (Kscope)", "content": "UK-based heavy proggers\u00a0Godsticks\u00a0have announced their long awaited seventh studio Record and the follow up to 2023\u2019s lauded\u00a0This Is What A Winner Looks Like.\u00a0The new Record, titled\u00a0VOiD, is Godsticks\u2019 darkest, heaviest, and most uncompromising Record to date. Both lyrically and musically,\u00a0VOiD\u00a0reflects a disillusionment with a world increasingly defined by division, ideological rigidity, and the loss of [\u2026]"},
{"title": "Camel \u2013 Earthrise: Live at the Marquee 1974 (Esoteric/Cherry Red)", "content": "Camel weren\u2019t just a pretty-sounding band\u2026 they had a rhythmic muscle that later prog bands often lacked. No word of a lie here, and with no exaggeration: I can\u2019t think of a single band from the world of 70s rock that I consider more underrated than Camel. An awfully bold way to lead off, I [\u2026]"},
{"title": "Megadeth \u2013 Megadeth (BLKIIBLK)", "content": "Four decades seem like eternity when we speak of thrash, which is one of the most demanding metal genres both technically and physically. When we talk about Megadeth, which has always composed at an extremely high performance level, then it\u2019s not surprising the legendary Dave Mustaine is calling it quits with a final self-titled Record [\u2026]"}
]
