[
{"title": "Kid Kapichi \u2013 \u2018Fearless Nature\u2019 Record Launch @ Headrow House, Leeds", "content": ""},
{"title": "Jagged City \u2013 \u2018THERE ARE MORE OF US, ALWAYS\u2019", "content": "Baking a cake is a simple thing. Two eggs, two hundred grams of flour, sugar and margarine, all mixed together and gently cooked for thirty minutes. An easy recipe. The results are fairly consistent, you know what you\u2019ll get, but if you change those ingredients things become more interesting. Add grated carrot or courgette and [\u2026]"},
{"title": "LIVE: The Wonder Years / Free Throw @ O2 Forum Kentish Town", "content": "Delayed mourning hangs in the atmosphere at O2 Forum Kentish Town. The Wonder Years are at the end of their four date run of the UK to celebrate the re-issue of \u2018No Closer To Heaven\u2019, and after their spring US tour they\u2019ll be going on an indefinite hiatus. Of course, there\u2019s plenty of bands who\u2019ve [\u2026]"},
{"title": "Sick Joy \u2013 \u2018MORE FOREVER\u2019", "content": "Anticipation is a terrible thing. Anticipation breeds disappointment. So, when Sick Joy announced their first Record in three years, it would make sense not to be excited. It would be a bad idea to listen to their incredible \u2018Them Days\u2019 EP \u2013 or to their debut Record \u2018We\u2019re All Going To F**king Die\u2019 \u2013 and [\u2026]"},
{"title": "Shields \u2013 \u2018DEATH & CONNECTION\u2019", "content": "If you listen to a lot of contemporary metalcore records, you develop a certain weariness; a low tolerance for trends, copying, spot-the-difference and heard-it-before sounds that leave you wishing for something different. Shields then send you their new record and, well, you asked for it. Shields are not a new band. They folded back in [\u2026]"},
{"title": "The Hara \u2013 \u2018The Fallout\u2019", "content": "The Hara are back with their sophomore studio record, and they\u2019re funnelling their fire into personal resistance. Well, \u201cback\u201d is a bit of a stretch as they\u2019ve been releasing a steady string of singles since they dropped \u2018Survival Mode\u2019 back in 2023, constantly delivering high energy live shows in the meantime. The good news is [\u2026]"},
{"title": "Kid Kapichi \u2013 \u2018Fearless Nature\u2019", "content": "It feels like we\u2019re all Kid Kapichi. Roaring out of the pandemic years with their 2021 debut through their political disillusionment and galvanisation of their next two releases, Jack Wilson and Eddie Lewis have channelled our zeitgeist into jagged, quick-witted tunes. \u2018Fearless Nature\u2019 sees the duo turning a corner, and it\u2019s one that may prove [\u2026]"},
{"title": "I Promised The World \u2013 \u2018I PROMISED THE WORLD\u2019", "content": "Okay \u2013I Promise The World are a young, upcoming metalcore band, freshly signed to Rise Records and they\u2019re are starting 2026 with a new self-titled EP. So far, so good, but what makes them unusual is that their sound is heavily indebted to 2006 \u2013 like, everything about it could be lifted from mainstream screamo [\u2026]"},
{"title": "Twenty One Children: After the Storm \u2013 EP Review", "content": "Twenty One Children \u2013 After the Storm EP (Slovenly Recordings) CD | DL Out Now Lo-fi trashy hardcore from the streets of Soweto with an 80s US punk influence.\u00a0 Nathan Brown reviews. Mention Soweto and (depending on their age) people\u2019s first reach will be the township uprisings against apartheid or the World Cup, not punk [\u2026]\nThe post Twenty One Children: After the Storm \u2013 EP Review appeared first on Louder Than War."},
{"title": "Brown Horse: Birmingham Sunflower Lounge \u2013 Live Review", "content": "Brown Horse | Ollie Cook And The Hogwash Birmingham Sunflower Lounge 27th January 2026 As part of Independent Venue Week, one of independent Noise\u2019s most strident acts brings their live sound to one of the UK\u2019s most iconic small venues. Sam Lambeth reviews. Nothing fills your heart quicker than seeing a small venue packed to [\u2026]\nThe post Brown Horse: Birmingham Sunflower Lounge \u2013 Live Review appeared first on Louder Than War."},
{"title": "The Band Of Holy Joy: celebrating their 40 years of recordings (part three)", "content": "The Band Of Holy Joy: celebrating their 40 years of recordings (Part 3) Now in their third decade of existence, The Band Of Holy Joy continue to intrigue and astound by entering their most prolific period yet with a whole slew of new releases and multi-media ventures. Martin Gray steels himself for the creative onslaught [\u2026]\nThe post The Band Of Holy Joy: celebrating their 40 years of recordings (part three) appeared first on Louder Than War."},
{"title": "Vehicle: You Are Not A Cowboy \u2013 Single Review", "content": "Vehicle: You Are Not A Cowboy Vehicle Esco Romanesco Records Out now Since their fuzzier releases in 2024, the cult favourite garage rock of Vehicle has slotted neatly between art rock, \u201860s experimental pop and the leftfield glam for which Geese came to fame. \u00a0 Vehicle\u2019s debut Record was among the closest a modern band [\u2026]\nThe post Vehicle: You Are Not A Cowboy \u2013 Single Review appeared first on Louder Than War."},
{"title": "Jaguar 777: Jaguar 777 \u2013 Record Review", "content": "Jaguar 777: Jaguar 777 (Eleventh Hour) LP | DL Out 6th February, 2026 Highly anticipated debut Record from Jaguar 777 wraps their lustful Bad Seeds-meets-Suicide sounds in velvet-lined desires. Step enticed into their world. This Record, or rather whisperings of this Record, has been brewing for some time now, and finally, it is here. From [\u2026]\nThe post Jaguar 777: Jaguar 777 \u2013 Record Review appeared first on Louder Than War."},
{"title": "Wolfgang Flur (Kraftwerk) send generators to the Ukraine : an appreciation of an act of charity", "content": "Wolfgang Flur (Kraftwerk) send generators to the Ukraine\nThe post Wolfgang Flur (Kraftwerk) send generators to the Ukraine : an appreciation of an act of charity appeared first on Louder Than War."},
{"title": "Marc Valentine: NY UAP \u2013 Single review", "content": "Marc Valentine: NY UAP (Wicked Cool Records) Stream Out now Marc Valentine kick starts the new year in fine style with his new single NY UAP. It\u2019s another classic three minute blast of uplifting power pop from his forthcoming Record that is guaranteed to lift your mood as soon as you hear it. With two [\u2026]\nThe post Marc Valentine: NY UAP \u2013 Single review appeared first on Louder Than War."},
{"title": "Sly Dunbar : an appreciation", "content": "Sly Dunbar\u2019s Noise career is an astonishing journey through many classic records with his rhythms changing the very sound and shape of Noise. John Brice worked with the legend and wrote this appreciation for him after his passing this week. \u00a0 No musicologist, archivist or connoisseur in the world will ever be able to fully [\u2026]\nThe post Sly Dunbar : an appreciation appeared first on Louder Than War."}
]
