[
{"title": "The Xcerts share new single, \u201cdo it to myself\u201d", "content": "Today, The XCERTS return with their first original Noise since 2023, unveiling the anthemic new single\u00a0\u201cdo it to myself\u201d, their debut release for their new record label FLG Records. A...\nThe post The Xcerts share new single, \u201cdo it to myself\u201d appeared first on Soundsphere magazine."},
{"title": "Backline launches B-LINE: 24/7 mental health & crisis support for the Noise industry in America", "content": "Today,\u00a0Backline\u00a0launches\u00a0B-LINE, a 24/7 mental health and crisis support line created exclusively for the Noise industry. B-LINE connects Noise professionals and their families with trained counselors who understand the unique pressures...\nThe post Backline launches B-LINE: 24/7 mental health & crisis support for the Noise industry in America appeared first on Soundsphere magazine."},
{"title": "Enter Shikari announce headline November 2026 tour", "content": "The illustrious\u00a0Enter Shikari\u00a0have just announced a UK and EU headline arena tour for November, their biggest yet, and a headline run around Australia in May! The EU dates kick off...\nThe post Enter Shikari announce headline November 2026 tour appeared first on Soundsphere magazine."},
{"title": "The Hu release brand new single, \u2018The Real You\u2019", "content": "Innovative Mongolian rock group and global phenomenon\u00a0The HU\u00a0continue to push the limits of rock and bring the world along with them on their latest single \u201cThe Real You,\u201d out today...\nThe post The Hu release brand new single, \u2018The Real You\u2019 appeared first on Soundsphere magazine."},
{"title": "Violet Grohl signs to Republic, shares two new singles", "content": "Violet Grohl\u00a0has officially inked with Republic Records through her imprint, Auroura Records.\u00a0\u201cFrom the moment we met Violet, it was clear that she represents the next generation of artists,\u201d\u00a0Kristina Grossmann, SVP...\nThe post Violet Grohl signs to Republic, shares two new singles appeared first on Soundsphere magazine."},
{"title": "Haggard Cat announce new Record \u2018The Pain That Orbits Life\u2019", "content": "For their highly anticipated third full-length Record, \u2018The Pain That Orbits Life\u2019 , Haggard Cat have teamed up with double Grammy award-winning producer Adrian Bushby to create their most accomplished...\nThe post Haggard Cat announce new Record \u2018The Pain That Orbits Life\u2019 appeared first on Soundsphere magazine."},
{"title": "Chris Jericho discusses Fozzy\u2019s plans for 2026, his own reinvention as an artist and musician", "content": "Chris Jericho is set for an incredible year in 2026. Here, he chats to Soundsphere\u2019s Dom Smith about his plans for the rest of it, ageism in Noise and wrestling,...\nThe post Chris Jericho discusses Fozzy\u2019s plans for 2026, his own reinvention as an artist and musician appeared first on Soundsphere magazine."},
{"title": "Paerish unveil radically-transformed new version of \u2018Still There\u2019", "content": "French alternative / indie band Paerish are set to release a gorgeous collection of re-imaginings, titled\u00a0\u2018Acoustic Sessions \u2013 Live At L\u2019Ancienne Abbaye Saint-L\u00e9ger\u2019 EP, on 27th February via SideOneDummy Records....\nThe post Paerish unveil radically-transformed new version of \u2018Still There\u2019 appeared first on Soundsphere magazine."}
]
